arpabet,ipa,cv
AO,ɔː,V
AO0,ɔː,V
AO1,ɔː,V
AO2,ɔː,V
AA,ɑː,V
AA0,ɑː,V
AA1,ɑː,V
AA2,ɑː,V
IY,iː,V
IY0,iː,V
IY1,iː,V
IY2,iː,V
UW,uː,V
UW0,uː,V
UW1,uː,V
UW2,uː,V
EH,e,V
EH0,e,V
EH1,e,V
EH2,e,V
IH,ɪ,V
IH0,ɪ,V
IH1,ɪ,V
IH2,ɪ,V
OH,ɒ,V
UH,ʊ,V
UH0,ʊ,V
UH1,ʊ,V
UH2,ʊ,V
AH,ʌ,V
AH0,ə,V
AH1,ʌ,V
AH2,ʌ,V
AE,æ,V
AE0,æ,V
AE1,æ,V
AE2,æ,V
AX,ə,V
AX0,ə,V
AX1,ə,V
AX2,ə,V
EY,eɪ,VV
EY0,eɪ,VV
EY1,eɪ,VV
EY2,eɪ,VV
AY,aɪ,VV
AY0,aɪ,VV
AY1,aɪ,VV
AY2,aɪ,VV
OW,oʊ,VV
OW0,oʊ,VV
OW1,oʊ,VV
OW2,oʊ,VV
AW,aʊ,VV
AW0,aʊ,VV
AW1,aʊ,VV
AW2,aʊ,VV
OY,ɔɪ,VV
OY0,ɔɪ,VV
OY1,ɔɪ,VV
OY2,ɔɪ,VV
P,p,C
B,b,C
T,t,C
D,d,C
K,k,C
G,g,C
CH,tʃ,C
JH,dʒ,C
F,f,C
V,v,C
TH,θ,C
DH,ð,C
S,s,C
Z,z,C
SH,ʃ,C
ZH,ʒ,C
HH,h,C
M,m,C
N,n,C
NG,ŋ,C
L,l,C
R,r,C
ER,ɜː,V
ER0,ɜː,V
ER1,ɜː,V
ER2,ɜː,V
AXR,əː,V
AXR0,əː,V
AXR1,əː,V
AXR2,əː,V
W,w,C
Y,j,C
